"fold","n_pres","n_abs","thresh","AUCratio_glm","pROCpval_glm","omis_glm","sens_glm","spec_glm","AUCratio_bart","pROCpval_bart","omis_bart","sens_bart","spec_bart"
1,4,2082,0.00140986449208088,1.42062698372056,0,0.25,0.75,0.14985590778098,1.83852253804669,0,0,1,0.557636887608069
2,4,1915,0.00191165073933119,1.48096881518409,0,0,1,0.322715404699739,1.82944746898932,0,0,1,0.724804177545692
3,4,2134,0.00237206046231099,1.54447504982257,0,0,1,0.13261480787254,1.90523947795275,0,0.25,0.75,0.652296157450797
4,5,1986,0.00136710374133238,1.19134832393565,0,0.2,0.8,0.385699899295065,1.49341835375138,0,0.8,0.2,0.732628398791541
5,2,1883,0.00236312783378287,1.73117346024348,0,0,1,0.266064790228359,1.96822949497293,0,0,1,0.680828465215082
