"fold","n_pres","n_abs","thresh","AUCratio_glm","pROCpval_glm","omis_glm","sens_glm","spec_glm","AUCratio_bart","pROCpval_bart","omis_bart","sens_bart","spec_bart"
1,5,1871,0.00461307132810296,1.28538128253163,0,0.2,0.8,0.164083377872795,1.80554335710969,0,0.2,0.8,0.745056119722074
2,12,2081,0.00437670877632635,1.28448713568471,0,0.25,0.75,0.129264776549736,1.62930675375051,0,0.5,0.5,0.58433445458914
3,10,2121,0.00399053406732767,1.27264871346596,0,0.2,0.8,0.508722300801509,1.67766991347806,0,0.4,0.6,0.743517208863744
4,5,1907,0.00435534336488377,1.4387738712905,0,0,1,0.0833770319874148,1.70511869054086,0,0.2,0.8,0.723125327739906
5,8,2020,0.0049669221415924,1.39429212764294,0,0,1,0.169306930693069,1.58981453603164,0,0.25,0.75,0.745544554455446
