"fold","n_pres","n_abs","thresh","AUCratio_glm","pROCpval_glm","omis_glm","sens_glm","spec_glm","AUCratio_bart","pROCpval_bart","omis_bart","sens_bart","spec_bart"
1,5,2079,0.00129078137412564,1.49116441225839,0,0,1,0.0577200577200577,1.52751732215824,0,0.8,0.2,0.619047619047619
2,2,1995,0.00128941712046132,1.05965688601248,0,1,0,0.955889724310777,1.22269278992712,0,1,0,0.88671679197995
3,6,1976,0.00163373094370753,1.6679784096166,0,0,1,0.0156882591093117,1.64729006990875,0,0.166666666666667,0.833333333333333,0.375506072874494
4,2,1973,0.00117087144586293,1.77487523020601,0,0,1,0.0309173846933604,1.71499839709367,0,0.5,0.5,0.578307146477446
5,4,1962,0.0014754757833969,1.84861085192467,0,0,1,0.0259938837920489,1.90509814601583,0,0,1,0.424566768603466
