"fold","n_pres","n_abs","thresh","AUCratio_glm","pROCpval_glm","omis_glm","sens_glm","spec_glm","AUCratio_bart","pROCpval_bart","omis_bart","sens_bart","spec_bart"
1,19,1988,0.00569481720777885,1.34853985867618,0,0.0526315789473684,0.947368421052632,0.393863179074447,1.46542494364667,0,0.0526315789473684,0.947368421052632,0.642354124748491
2,30,2010,0.0059903769590383,1.26818521163238,0,0,1,0.339303482587065,1.42762019118796,0,0.0333333333333333,0.966666666666667,0.532835820895522
3,27,1999,0.00787568133498955,1.41786870918609,0,0.037037037037037,0.962962962962963,0.35567783891946,1.5000068630977,0,0.111111111111111,0.888888888888889,0.696848424212106
4,19,1998,0.00693214608116613,1.30116261502641,0,0.0526315789473684,0.947368421052632,0.32982982982983,1.53741808231537,0,0,1,0.540540540540541
5,31,2005,0.00697915903742659,1.18046583956684,0,0.032258064516129,0.967741935483871,0.330174563591022,1.42523124314273,0,0.0967741935483871,0.903225806451613,0.541147132169576
