"fold","n_pres","n_abs","thresh","AUCratio_glm","pROCpval_glm","omis_glm","sens_glm","spec_glm","AUCratio_bart","pROCpval_bart","omis_bart","sens_bart","spec_bart"
1,165,2006,0.0310092020772209,1.13360985033488,0,0.0363636363636364,0.963636363636364,0.191924227318046,1.2529824739525,0,0.0303030303030303,0.96969696969697,0.316550348953141
2,161,1968,0.0345290529919557,1.16740743778011,0,0.0186335403726708,0.981366459627329,0.177337398373984,1.25005251442839,0,0.0248447204968944,0.975155279503106,0.326727642276423
3,175,2026,0.0296947046384971,1.15593831197054,0,0.0285714285714286,0.971428571428571,0.230009871668312,1.26559548074258,0,0.04,0.96,0.351431391905232
4,165,1991,0.0331058408612346,1.21857577182781,0,0.00606060606060606,0.993939393939394,0.145655449522853,1.24621451849212,0,0.0303030303030303,0.96969696969697,0.334003013561025
5,189,2009,0.0273359109670654,1.12402892832163,0,0.037037037037037,0.962962962962963,0.26231956197113,1.24878978277339,0,0.0264550264550265,0.973544973544973,0.385266301642608
