"fold","n_pres","n_abs","thresh","AUCratio_glm","pROCpval_glm","omis_glm","sens_glm","spec_glm","AUCratio_bart","pROCpval_bart","omis_bart","sens_bart","spec_bart"
1,56,1991,0.00985831821486352,1.04098339259299,0,0.0714285714285714,0.928571428571429,0.0452034153691612,1.15017134543518,0,0.0535714285714286,0.946428571428571,0.351582119537921
2,57,1963,0.00785984020436693,1.1192499609145,0,0.0175438596491228,0.982456140350877,0.0356597045338767,1.18762149261741,0,0.0350877192982456,0.964912280701754,0.325012735608762
3,53,2037,0.0113549907730738,1.0413460548928,0,0.0188679245283019,0.981132075471698,0.023073146784487,1.14053642160971,0,0.0754716981132075,0.924528301886792,0.414825724104075
4,51,2045,0.00931807823662841,1.01423034272819,0,0.117647058823529,0.882352941176471,0.0513447432762836,1.12551095309704,0,0.0196078431372549,0.980392156862745,0.355012224938875
5,76,1964,0.0123688040644935,1.03882569253635,0,0,1,0.0325865580448065,1.15110788957119,0,0.0657894736842105,0.934210526315789,0.465376782077393
