"fold","n_pres","n_abs","thresh","AUCratio_glm","pROCpval_glm","omis_glm","sens_glm","spec_glm","AUCratio_bart","pROCpval_bart","omis_bart","sens_bart","spec_bart"
1,25,2029,0.00532218941749246,1.43933027640141,0,0,1,0.403647116806309,1.26551079344881,0,0.04,0.96,0.515032035485461
2,24,2007,0.00499432403437959,1.40777300583918,0,0.0833333333333333,0.916666666666667,0.320876930742402,1.42445370863794,0,0.125,0.875,0.375186846038864
3,26,1992,0.00318935602152768,1.42328109015995,0,0.0769230769230769,0.923076923076923,0.277610441767068,1.34119550169206,0,0.0384615384615385,0.961538461538462,0.370481927710843
4,17,1971,0.00792799543187835,1.36987195211801,0,0.117647058823529,0.882352941176471,0.385591070522577,1.33509149582452,0,0.294117647058824,0.705882352941177,0.557584982242517
5,17,1995,0.00369726724201575,1.55046579718217,0,0,1,0.320300751879699,1.39717508756985,0,0,1,0.421553884711779
