"fold","n_pres","n_abs","thresh","AUCratio_glm","pROCpval_glm","omis_glm","sens_glm","spec_glm","AUCratio_bart","pROCpval_bart","omis_bart","sens_bart","spec_bart"
1,40,1975,0.00995811556368313,1.48884598165137,0,0,1,0.475443037974684,1.49707869913787,0,0.025,0.975,0.515443037974683
2,40,1983,0.00801678145660094,1.38166529771223,0,0.05,0.95,0.567826525466465,1.40403858395331,0,0.075,0.925,0.597075138678769
3,40,2041,0.00806602543475204,1.36920107830668,0,0.075,0.925,0.576188143067124,1.38739657912544,0,0.15,0.85,0.585497305242528
4,33,1993,0.0106807117124653,1.46086891231565,0,0,1,0.51881585549423,1.49302386667091,0,0.0909090909090909,0.909090909090909,0.581535373808329
5,36,2008,0.0120737863360693,1.4447531861438,0,0.0277777777777778,0.972222222222222,0.502988047808765,1.43095001765409,0,0.0277777777777778,0.972222222222222,0.527390438247012
