"fold","n_pres","n_abs","thresh","AUCratio_glm","pROCpval_glm","omis_glm","sens_glm","spec_glm","AUCratio_bart","pROCpval_bart","omis_bart","sens_bart","spec_bart"
1,173,1977,0.0275661182775624,1.29745786704149,0,0.0173410404624277,0.982658959537572,0.344967121901872,1.37584123983988,0,0.0289017341040462,0.971098265895954,0.454223571067274
2,139,2015,0.0246021635090132,1.29119500063521,0,0.00719424460431655,0.992805755395683,0.476426799007444,1.31837826577563,0,0.0215827338129496,0.97841726618705,0.534987593052109
3,163,1992,0.0227228439175043,1.29456620964807,0,0.0245398773006135,0.975460122699387,0.447791164658635,1.32113560503745,0,0.0245398773006135,0.975460122699387,0.526606425702811
4,142,2025,0.0242916378223763,1.25406855701553,0,0.0492957746478873,0.950704225352113,0.444444444444444,1.32170312531762,0,0.0492957746478873,0.950704225352113,0.48641975308642
5,139,1991,0.0261255873743763,1.25005947028107,0,0.0287769784172662,0.971223021582734,0.402812656956303,1.3069596899267,0,0.0503597122302158,0.949640287769784,0.513309894525364
