"fold","n_pres","n_abs","thresh","AUCratio_glm","pROCpval_glm","omis_glm","sens_glm","spec_glm","AUCratio_bart","pROCpval_bart","omis_bart","sens_bart","spec_bart"
1,4,1939,0.00338269717592178,1.52668470536094,0,0,1,0.121712222795255,1.76231030404346,0,0.25,0.75,0.783393501805054
2,5,2027,0.00275519814565728,1.2544169240755,0,0,1,0.339417858904785,1.82411376254435,0,0.4,0.6,0.774543660582141
3,4,2025,0.00400908981091005,1.16754452339199,0,0.5,0.5,0.50962962962963,1.66742650463452,0,0.5,0.5,0.82962962962963
4,9,1980,0.00291703643700407,1.36328629821435,0,0,1,0.107575757575758,1.73534656035583,0,0.555555555555556,0.444444444444444,0.797474747474747
5,2,2029,0.00310187197598788,1.43688280947659,0,0,1,0.0862493839329719,1.77245138873718,0,0.5,0.5,0.730901922129128
