"fold","n_pres","n_abs","thresh","AUCratio_glm","pROCpval_glm","omis_glm","sens_glm","spec_glm","AUCratio_bart","pROCpval_bart","omis_bart","sens_bart","spec_bart"
1,54,1990,0.0108997780675999,1.49629575091659,0,0,1,0.315075376884422,1.39447414288281,0,0,1,0.405025125628141
2,60,2003,0.0128746844097834,1.31191501301137,0,0.0166666666666667,0.983333333333333,0.303544682975537,1.34600267914101,0,0.05,0.95,0.44682975536695
3,52,1997,0.0145823294597582,1.29803159525762,0,0.0961538461538462,0.903846153846154,0.363044566850275,1.34147901018043,0,0.173076923076923,0.826923076923077,0.494742113169755
4,52,1903,0.0129088426730281,1.44381912126816,0,0,1,0.296899632159748,1.40960731036148,0,0.0192307692307692,0.980769230769231,0.373620599054125
5,59,2084,0.0135670453853428,1.26951000266235,0,0.0677966101694915,0.932203389830508,0.416026871401152,1.24004920181995,0,0.152542372881356,0.847457627118644,0.607965451055662
