"fold","n_pres","n_abs","thresh","AUCratio_glm","pROCpval_glm","omis_glm","sens_glm","spec_glm","AUCratio_bart","pROCpval_bart","omis_bart","sens_bart","spec_bart"
1,7,1934,0.00255795461493968,1.41901385676164,0,0,1,0.456566701137539,1.40050877644695,0,0.285714285714286,0.714285714285714,0.568252326783868
2,8,2015,0.00456544532644443,1.59702938714156,0,0,1,0.546401985111662,1.52138132343592,0,0.375,0.625,0.705707196029777
3,10,1988,0.00286675974243234,1.46841155809847,0,0.1,0.9,0.437122736418511,1.50837731846536,0,0,1,0.399396378269618
4,10,2075,0.00429842099325077,1.41192063130824,0,0.1,0.9,0.461686746987952,1.34751805567026,0,0.4,0.6,0.629879518072289
5,7,1988,0.00313551922637152,1.4311642929705,0,0,1,0.412474849094567,1.42508705510587,0,0,1,0.48943661971831
