"fold","n_pres","n_abs","thresh","AUCratio_glm","pROCpval_glm","omis_glm","sens_glm","spec_glm","AUCratio_bart","pROCpval_bart","omis_bart","sens_bart","spec_bart"
1,15,2008,0.00481186500162779,1.14434084027881,0,0.2,0.8,0.329681274900398,1.41441055834899,0,0.2,0.8,0.522908366533865
2,23,1988,0.00524766035661467,1.5515358025199,0,0,1,0.0769617706237425,1.49865572332591,0,0,1,0.454225352112676
3,16,1977,0.00408581919338763,1.24864670403386,0,0,1,0.108750632271118,1.24020291693421,0,0.375,0.625,0.620637329286798
4,17,2059,0.00447526285928978,1.25193723205912,0,0,1,0.0995628946090335,1.38819106355612,0,0.235294117647059,0.764705882352941,0.570665371539582
5,15,1963,0.00442948423864249,1.20662649712461,0,0,1,0.141110545084055,1.35058931671337,0,0.266666666666667,0.733333333333333,0.570555272542028
