"fold","n_pres","n_abs","thresh","AUCratio_glm","pROCpval_glm","omis_glm","sens_glm","spec_glm","AUCratio_bart","pROCpval_bart","omis_bart","sens_bart","spec_bart"
1,2,2011,0.000992417125922777,1.52196472042217,0,0.5,0.5,0.488811536548981,1.78680719019394,0,0.5,0.5,0.679264047737444
2,1,2010,0.00110036812650315,1.2547947683387,0,1,0,0.461194029850746,1.44477131840127,0,1,0,0.58955223880597
3,2,1989,0.00106318057254414,1.66013070728412,0,0,1,0.383107088989442,1.73996701394379,0,0,1,0.584213172448467
4,3,1964,0.000917860965333186,1.60180902759397,0,0,1,0.404276985743381,1.71666823213702,0,0.333333333333333,0.666666666666667,0.483197556008147
5,2,2026,0.00104475429663044,1.87802424143373,0,0,1,0.452615992102665,1.81633250378424,0,0,1,0.670286278381046
