"fold","n_pres","n_abs","thresh","AUCratio_glm","pROCpval_glm","omis_glm","sens_glm","spec_glm","AUCratio_bart","pROCpval_bart","omis_bart","sens_bart","spec_bart"
1,1,2086,0.00110000831598263,1.75673919464409,0,0,1,0.407478427612656,1.77040461968924,0,0,1,0.861936720997124
2,1,1977,0.00108327746082534,1.82136659657432,0,0,1,0.485584218512898,1.62785096522279,0,0,1,0.609509357612544
3,2,1925,0.000865966965317461,1.49410419292858,0,0,1,0.354285714285714,1.70031939871617,0,1,0,0.72987012987013
4,1,1964,0.00117807663525847,1.2859963963964,0,0,1,0.384928716904277,1.92019284576643,0,1,0,0.860997963340122
5,1,2048,0.00113076165052538,1.1914052588705,0,1,0,0.609375,1.09932844556712,0,1,0,0.6455078125
