"fold","n_pres","n_abs","thresh","AUCratio_glm","pROCpval_glm","omis_glm","sens_glm","spec_glm","AUCratio_bart","pROCpval_bart","omis_bart","sens_bart","spec_bart"
1,162,2002,0.020726929155458,1.4840373269415,0,0.0555555555555556,0.944444444444444,0.235764235764236,1.32435271554357,0,0.0308641975308642,0.969135802469136,0.285214785214785
2,149,2020,0.030527557299008,1.37605879673209,0,0.0671140939597315,0.932885906040268,0.266831683168317,1.2829769463796,0,0.147651006711409,0.852348993288591,0.382178217821782
3,147,1956,0.0201730191665577,1.36119980306102,0,0.00680272108843537,0.993197278911565,0.30879345603272,1.25085344147552,0,0.136054421768707,0.863945578231292,0.436094069529652
4,167,2007,0.0248182239303498,1.44466803099693,0,0,1,0.251121076233184,1.4233832946775,0,0.0119760479041916,0.988023952095808,0.314399601395117
5,178,1997,0.023074245620388,1.40630977952884,0,0.0168539325842697,0.98314606741573,0.204306459689534,1.30888286238782,0,0.00561797752808989,0.99438202247191,0.28993490235353
