"fold","n_pres","n_abs","thresh","AUCratio_glm","pROCpval_glm","omis_glm","sens_glm","spec_glm","AUCratio_bart","pROCpval_bart","omis_bart","sens_bart","spec_bart"
1,2,1630,0.0023549281294278,1.22111486559748,0,0.5,0.5,0.646625766871166,1.1469662265189,0,0.5,0.5,0.757668711656442
2,6,1894,0.002859994371094,1.61348544247967,0,0,1,0.454065469904963,1.4428066254776,0,0.166666666666667,0.833333333333333,0.654171066525871
3,10,2093,0.00221436062797636,1.35220906704709,0,0.1,0.9,0.295747730530339,1.48156201785587,0,0.1,0.9,0.253225035833731
4,6,2034,0.00234355858904843,1.3136298886783,0,0,1,0.178957718780728,1.37305659678912,0,0.166666666666667,0.833333333333333,0.433628318584071
5,8,1883,0.00229603200635778,1.39987907397037,0,0,1,0.116834838024429,1.32351881561131,0,0.375,0.625,0.389272437599575
