"fold","n_pres","n_abs","thresh","AUCratio_glm","pROCpval_glm","omis_glm","sens_glm","spec_glm","AUCratio_bart","pROCpval_bart","omis_bart","sens_bart","spec_bart"
1,65,2008,0.0193083832278192,1.29948464313717,0,0.107692307692308,0.892307692307692,0.511454183266932,1.3573691559567,0,0.0615384615384615,0.938461538461538,0.575697211155379
2,57,2012,0.0225378965756784,1.36647336421498,0,0.0350877192982456,0.964912280701754,0.460735586481113,1.43676513309231,0,0.0701754385964912,0.929824561403509,0.568091451292246
3,39,1991,0.0243052231909954,1.47414125206343,0,0,1,0.672526368658965,1.56833734196941,0,0.102564102564103,0.897435897435897,0.743847312908086
4,66,2020,0.0204191090292108,1.49408608346909,0,0,1,0.493069306930693,1.60048695221397,0,0,1,0.561881188118812
5,57,1969,0.0201754371331066,1.38482770887198,0,0.0175438596491228,0.982456140350877,0.545962417470797,1.45237035010839,0,0.0350877192982456,0.964912280701754,0.657186389029964
