"fold","n_pres","n_abs","thresh","AUCratio_glm","pROCpval_glm","omis_glm","sens_glm","spec_glm","AUCratio_bart","pROCpval_bart","omis_bart","sens_bart","spec_bart"
1,96,2044,0.0150440203139649,1.17298035137679,0,0.0208333333333333,0.979166666666667,0.313111545988258,1.22580112094212,0,0.0416666666666667,0.958333333333333,0.536692759295499
2,101,1960,0.0175390849620017,1.19252251001407,0,0,1,0.18265306122449,1.29517915779485,0,0.0198019801980198,0.98019801980198,0.416326530612245
3,81,2032,0.0176929403057466,1.1372487714547,0,0.0864197530864197,0.91358024691358,0.365157480314961,1.27946717509021,0,0.0740740740740741,0.925925925925926,0.447834645669291
4,83,1959,0.0190742367174651,1.18333333244767,0,0,1,0.315467075038285,1.30239189827441,0,0.0240963855421687,0.975903614457831,0.506891271056662
5,97,2005,0.0134504462420461,1.14223567361317,0,0.0309278350515464,0.969072164948454,0.219451371571072,1.2158444670874,0,0.0721649484536082,0.927835051546392,0.464837905236908
