"fold","n_pres","n_abs","thresh","AUCratio_glm","pROCpval_glm","omis_glm","sens_glm","spec_glm","AUCratio_bart","pROCpval_bart","omis_bart","sens_bart","spec_bart"
1,11,2049,0.00425740125149661,1.33160292729616,0,0,1,0.100536847242557,1.44116180697087,0,0.363636363636364,0.636363636363636,0.429477794045876
2,18,1963,0.00402782357244791,1.27228356126381,0,0,1,0.295466123280693,1.59098143791404,0,0.277777777777778,0.722222222222222,0.460519612837494
3,15,2037,0.00292034473474484,1.22436338058323,0,0.0666666666666667,0.933333333333333,0.352479135984291,1.48809275899424,0,0.0666666666666667,0.933333333333333,0.437898870888562
4,13,2021,0.00634658892179356,1.2840593965642,0,0,1,0.425531914893617,1.28324480070182,0,0.230769230769231,0.769230769230769,0.688767936665017
5,10,1930,0.00358478164043768,1.49476469775752,0,0.1,0.9,0.230051813471503,1.581693961197,0,0.1,0.9,0.624352331606218
